{
    "name": "root",
    "gauges": {
        "lol1_AgentBehavior.Policy.Entropy.mean": {
            "value": 1.4837074279785156,
            "min": 1.4201456308364868,
            "max": 1.4846041202545166,
            "count": 40
        },
        "lol1_AgentBehavior.Environment.EpisodeLength.mean": {
            "value": 1.7472527472527473,
            "min": 1.0,
            "max": 1.7527472527472527,
            "count": 40
        },
        "lol1_AgentBehavior.Policy.ExtrinsicValueEstimate.mean": {
            "value": 33.672481536865234,
            "min": -122.28370666503906,
            "max": 104.3393325805664,
            "count": 40
        },
        "lol1_AgentBehavior.Environment.CumulativeReward.mean": {
            "value": 166.9146460229224,
            "min": -290.20724462890627,
            "max": 183.800296906502,
            "count": 40
        },
        "lol1_AgentBehavior.Policy.ExtrinsicReward.mean": {
            "value": 166.9146460229224,
            "min": -290.20724462890627,
            "max": 183.800296906502,
            "count": 40
        },
        "lol1_AgentBehavior.Losses.ValueLoss.mean": {
            "value": 21627.908203125,
            "min": 3801.171875,
            "max": 137006.84375,
            "count": 40
        },
        "lol1_AgentBehavior.Losses.PolicyLoss.mean": {
            "value": 0.11457274854183197,
            "min": 0.11457274854183197,
            "max": 0.3816201984882355,
            "count": 40
        },
        "lol1_AgentBehavior.Policy.LearningRate.mean": {
            "value": 4.320100742916111e-06,
            "min": 4.320100742916111e-06,
            "max": 0.000394839997170493,
            "count": 40
        },
        "lol1_AgentBehavior.IsTraining.mean": {
            "value": 1.0,
            "min": 1.0,
            "max": 1.0,
            "count": 40
        }
    },
    "metadata": {
        "timer_format_version": "0.1.0",
        "start_time_seconds": "1590504691",
        "python_version": "3.7.7 (tags/v3.7.7:d7c567b08f, Mar 10 2020, 10:41:24) [MSC v.1900 64 bit (AMD64)]",
        "command_line_arguments": "C:\\Users\\DoR\\AppData\\Local\\Programs\\Python\\Python37\\Scripts\\mlagents-learn PPO_Agent_1.yaml --run-id=lol1",
        "mlagents_version": "0.16.0",
        "mlagents_envs_version": "0.16.0",
        "communication_protocol_version": "1.0.0",
        "tensorflow_version": "2.2.0",
        "end_time_seconds": "1590504831"
    },
    "total": 140.8685838,
    "count": 1,
    "self": 0.20970360000001165,
    "children": {
        "run_training.setup": {
            "total": 0.01911660000000026,
            "count": 1,
            "self": 0.01911660000000026
        },
        "TrainerController.start_learning": {
            "total": 140.6397636,
            "count": 1,
            "self": 7.873812900000132,
            "children": {
                "TrainerController._reset_env": {
                    "total": 17.906193599999998,
                    "count": 1,
                    "self": 17.906193599999998
                },
                "TrainerController.advance": {
                    "total": 114.6768738999999,
                    "count": 16870,
                    "self": 0.2237827000006689,
                    "children": {
                        "env_step": {
                            "total": 114.45309119999924,
                            "count": 16870,
                            "self": 107.20852630000056,
                            "children": {
                                "SubprocessEnvManager._take_step": {
                                    "total": 6.999733899999828,
                                    "count": 16870,
                                    "self": 0.38676039999998935,
                                    "children": {
                                        "NNPolicy.evaluate": {
                                            "total": 6.612973499999839,
                                            "count": 10003,
                                            "self": 6.612973499999839
                                        }
                                    }
                                },
                                "workers": {
                                    "total": 0.24483099999885027,
                                    "count": 16870,
                                    "self": 0.0,
                                    "children": {
                                        "worker_root": {
                                            "total": 121.92578409999918,
                                            "count": 16870,
                                            "is_parallel": true,
                                            "self": 37.86187839999967,
                                            "children": {
                                                "steps_from_proto": {
                                                    "total": 0.0003418999999986738,
                                                    "count": 1,
                                                    "is_parallel": true,
                                                    "self": 0.00011129999999681672,
                                                    "children": {
                                                        "_process_vector_observation": {
                                                            "total": 0.0002306000000018571,
                                                            "count": 2,
                                                            "is_parallel": true,
                                                            "self": 0.0002306000000018571
                                                        }
                                                    }
                                                },
                                                "UnityEnvironment.step": {
                                                    "total": 84.06356379999951,
                                                    "count": 16870,
                                                    "is_parallel": true,
                                                    "self": 1.685019499999612,
                                                    "children": {
                                                        "UnityEnvironment._generate_step_input": {
                                                            "total": 1.1098953999993348,
                                                            "count": 16870,
                                                            "is_parallel": true,
                                                            "self": 1.1098953999993348
                                                        },
                                                        "communicator.exchange": {
                                                            "total": 77.53885970000024,
                                                            "count": 16870,
                                                            "is_parallel": true,
                                                            "self": 77.53885970000024
                                                        },
                                                        "steps_from_proto": {
                                                            "total": 3.7297892000003294,
                                                            "count": 16870,
                                                            "is_parallel": true,
                                                            "self": 1.6424891000003434,
                                                            "children": {
                                                                "_process_vector_observation": {
                                                                    "total": 2.087300099999986,