{
    "name": "root",
    "gauges": {
        "PPO_Agent_2_5_AgentBehavior.Policy.Entropy.mean": {
            "value": 1.4979497194290161,
            "min": 1.4190680980682373,
            "max": 1.4980864524841309,
            "count": 80
        },
        "PPO_Agent_2_5_AgentBehavior.Environment.EpisodeLength.mean": {
            "value": 1.0,
            "min": 0.014256619144602852,
            "max": 1.8426966292134832,
            "count": 80
        },
        "PPO_Agent_2_5_AgentBehavior.Policy.ExtrinsicValueEstimate.mean": {
            "value": 500.299072265625,
            "min": -85.01895141601562,
            "max": 510.408447265625,
            "count": 80
        },
        "PPO_Agent_2_5_AgentBehavior.Environment.CumulativeReward.mean": {
            "value": 613.9446105957031,
            "min": -17.5591983950235,
            "max": 861.86641688853,
            "count": 80
        },
        "PPO_Agent_2_5_AgentBehavior.Policy.ExtrinsicReward.mean": {
            "value": 613.9446105957031,
            "min": -17.5591983950235,
            "max": 861.86641688853,
            "count": 80
        },
        "PPO_Agent_2_5_AgentBehavior.Losses.ValueLoss.mean": {
            "value": 401.98077392578125,
            "min": 96.82099914550781,
            "max": 310193.0,
            "count": 80
        },
        "PPO_Agent_2_5_AgentBehavior.Losses.PolicyLoss.mean": {
            "value": 0.14816102385520935,
            "min": 0.10063160210847855,
            "max": 1.434568166732788,
            "count": 80
        },
        "PPO_Agent_2_5_AgentBehavior.Policy.LearningRate.mean": {
            "value": 2.200107019234565e-06,
            "min": 2.200107019234565e-06,
            "max": 0.00039742994704283774,
            "count": 80
        },
        "PPO_Agent_2_5_AgentBehavior.IsTraining.mean": {
            "value": 1.0,
            "min": 1.0,
            "max": 1.0,
            "count": 80
        }
    },
    "metadata": {
        "timer_format_version": "0.1.0",
        "start_time_seconds": "1590577113",
        "python_version": "3.7.7 (tags/v3.7.7:d7c567b08f, Mar 10 2020, 10:41:24) [MSC v.1900 64 bit (AMD64)]",
        "command_line_arguments": "C:\\Users\\DoR\\AppData\\Local\\Programs\\Python\\Python37\\Scripts\\mlagents-learn PPO_Agent_2.yaml --run-id=PPO_Agent_2_5",
        "mlagents_version": "0.16.0",
        "mlagents_envs_version": "0.16.0",
        "communication_protocol_version": "1.0.0",
        "tensorflow_version": "2.2.0",
        "end_time_seconds": "1590577329"
    },
    "total": 215.64943680000002,
    "count": 1,
    "self": 0.22725960000002488,
    "children": {
        "run_training.setup": {
            "total": 0.015234300000000367,
            "count": 1,
            "self": 0.015234300000000367
        },
        "TrainerController.start_learning": {
            "total": 215.4069429,
            "count": 1,
            "self": 15.43843739999977,
            "children": {
                "TrainerController._reset_env": {
                    "total": 6.4966723,
                    "count": 1,
                    "self": 6.4966723
                },
                "TrainerController.advance": {
                    "total": 193.24875020000022,
                    "count": 33759,
                    "self": 0.4587397000002227,
                    "children": {
                        "env_step": {
                            "total": 192.7900105,
                            "count": 33759,
                            "self": 177.36434529999713,
                            "children": {
                                "SubprocessEnvManager._take_step": {
                                    "total": 14.923510800001662,
                                    "count": 33759,
                                    "self": 0.8456552000041064,
                                    "children": {
                                        "NNPolicy.evaluate": {
                                            "total": 14.077855599997555,
                                            "count": 20002,
                                            "self": 14.077855599997555
                                        }
                                    }
                                },
                                "workers": {
                                    "total": 0.5021544000012064,
                                    "count": 33759,
                                    "self": 0.0,
                                    "children": {
                                        "worker_root": {
                                            "total": 207.51990339999816,
                                            "count": 33759,
                                            "is_parallel": true,
                                            "self": 82.19734819999866,
                                            "children": {
                                                "steps_from_proto": {
                                                    "total": 0.00039950000000033015,
                                                    "count": 1,
                                                    "is_parallel": true,
                                                    "self": 0.000128000000000128,
                                                    "children": {
                                                        "_process_vector_observation": {
                                                            "total": 0.00027150000000020214,
                                                            "count": 2,
                                                            "is_parallel": true,
                                                            "self": 0.00027150000000020214
                                                        }
                                                    }
                                                },
                                                "UnityEnvironment.step": {
                                                    "total": 125.3221556999995,
                                                    "count": 33759,
                                                    "is_parallel": true,
                                                    "self": 3.4923575999967653,
                                                    "children": {
                                                        "UnityEnvironment._generate_step_input": {
                                                            "total": 2.308499899999985,
                                                            "count": 33759,
                                                            "is_parallel": true,
                                                            "self": 2.308499899999985
                                                        },
                                                        "communicator.exchange": {
                                                            "total": 111.79472819999911,
                                                            "count": 33759,
                                                            "is_parallel": true,
                                                            "self": 111.79472819999911
                                                        },
                                                        "steps_from_proto": {
                                                            "total": 7.72657000000364,
                                                            "count": 33759,
                                                            "is_parallel": true,
                                                            "self": 3.3883882000015015,