{
    "name": "root",
    "gauges": {
        "PPO_Agent_1_1_5_AgentBehavior.Policy.Entropy.mean": {
            "value": 1.5100069046020508,
            "min": 1.4194895029067993,
            "max": 1.5101872682571411,
            "count": 40
        },
        "PPO_Agent_1_1_5_AgentBehavior.Environment.EpisodeLength.mean": {
            "value": 0.3333333333333333,
            "min": 0.0,
            "max": 1.0,
            "count": 40
        },
        "PPO_Agent_1_1_5_AgentBehavior.Policy.ExtrinsicValueEstimate.mean": {
            "value": 136.72235107421875,
            "min": -61.17123031616211,
            "max": 237.43215942382812,
            "count": 40
        },
        "PPO_Agent_1_1_5_AgentBehavior.Environment.CumulativeReward.mean": {
            "value": 187.70955403645834,
            "min": -115.69473266601562,
            "max": 613.9446105957031,
            "count": 40
        },
        "PPO_Agent_1_1_5_AgentBehavior.Policy.ExtrinsicReward.mean": {
            "value": 187.70955403645834,
            "min": -115.69473266601562,
            "max": 613.9446105957031,
            "count": 40
        },
        "PPO_Agent_1_1_5_AgentBehavior.Losses.ValueLoss.mean": {
            "value": 1103.4207763671875,
            "min": 1103.4207763671875,
            "max": 189639.375,
            "count": 40
        },
        "PPO_Agent_1_1_5_AgentBehavior.Losses.PolicyLoss.mean": {
            "value": 0.14671525359153748,
            "min": 0.12425960600376129,
            "max": 0.37633490562438965,
            "count": 40
        },
        "PPO_Agent_1_1_5_AgentBehavior.Policy.LearningRate.mean": {
            "value": 5.350104402168654e-06,
            "min": 5.350104402168654e-06,
            "max": 0.000394839997170493,
            "count": 40
        },
        "PPO_Agent_1_1_5_AgentBehavior.IsTraining.mean": {
            "value": 1.0,
            "min": 1.0,
            "max": 1.0,
            "count": 40
        }
    },
    "metadata": {
        "timer_format_version": "0.1.0",
        "start_time_seconds": "1590585965",
        "python_version": "3.7.7 (tags/v3.7.7:d7c567b08f, Mar 10 2020, 10:41:24) [MSC v.1900 64 bit (AMD64)]",
        "command_line_arguments": "C:\\Users\\DoR\\AppData\\Local\\Programs\\Python\\Python37\\Scripts\\mlagents-learn PPO_Agent_1.yaml --run-id=PPO_Agent_1_1_5",
        "mlagents_version": "0.16.0",
        "mlagents_envs_version": "0.16.0",
        "communication_protocol_version": "1.0.0",
        "tensorflow_version": "2.2.0",
        "end_time_seconds": "1590586079"
    },
    "total": 114.3308061,
    "count": 1,
    "self": 0.215657400000012,
    "children": {
        "run_training.setup": {
            "total": 0.014962900000000001,
            "count": 1,
            "self": 0.014962900000000001
        },
        "TrainerController.start_learning": {
            "total": 114.10018579999999,
            "count": 1,
            "self": 9.055295900000587,
            "children": {
                "TrainerController._reset_env": {
                    "total": 7.7084548999999996,
                    "count": 1,
                    "self": 7.7084548999999996
                },
                "TrainerController.advance": {
                    "total": 97.16702009999939,
                    "count": 20002,
                    "self": 0.2433070999991287,
                    "children": {
                        "env_step": {
                            "total": 96.92371300000026,
                            "count": 20002,
                            "self": 90.25778460000133,
                            "children": {
                                "SubprocessEnvManager._take_step": {
                                    "total": 6.384917599999824,
                                    "count": 20002,
                                    "self": 0.40145599999997117,
                                    "children": {
                                        "NNPolicy.evaluate": {
                                            "total": 5.983461599999853,
                                            "count": 10001,
                                            "self": 5.983461599999853
                                        }
                                    }
                                },
                                "workers": {
                                    "total": 0.2810107999991107,
                                    "count": 20002,
                                    "self": 0.0,
                                    "children": {
                                        "worker_root": {
                                            "total": 105.51666159999975,
                                            "count": 20002,
                                            "is_parallel": true,
                                            "self": 44.58050089999974,
                                            "children": {
                                                "steps_from_proto": {
                                                    "total": 0.00041829999999976053,
                                                    "count": 1,
                                                    "is_parallel": true,
                                                    "self": 0.00011920000000031905,
                                                    "children": {
                                                        "_process_vector_observation": {
                                                            "total": 0.0002990999999994415,
                                                            "count": 2,
                                                            "is_parallel": true,
                                                            "self": 0.0002990999999994415
                                                        }
                                                    }
                                                },
                                                "UnityEnvironment.step": {
                                                    "total": 60.93574240000001,
                                                    "count": 20002,
                                                    "is_parallel": true,
                                                    "self": 1.913507700000899,
                                                    "children": {
                                                        "UnityEnvironment._generate_step_input": {
                                                            "total": 1.0393780999997784,
                                                            "count": 20002,
                                                            "is_parallel": true,
                                                            "self": 1.0393780999997784
                                                        },
                                                        "communicator.exchange": {
                                                            "total": 53.7752415999998,
                                                            "count": 20002,
                                                            "is_parallel": true,
                                                            "self": 53.7752415999998
                                                        },
                                                        "steps_from_proto": {
                                                            "total": 4.207614999999526,
                                                            "count": 20002,
                                                            "is_parallel": true,
                                                            "self": 1.9547966000014014,