{
    "name": "root",
    "gauges": {
        "PPO_Agent_1_1_AgentBehavior.Policy.Entropy.mean": {
            "value": 1.4399968385696411,
            "min": 1.4201236963272095,
            "max": 1.4401745796203613,
            "count": 40
        },
        "PPO_Agent_1_1_AgentBehavior.Environment.EpisodeLength.mean": {
            "value": 5.222222222222222,
            "min": 1.0,
            "max": 5.902777777777778,
            "count": 40
        },
        "PPO_Agent_1_1_AgentBehavior.Policy.ExtrinsicValueEstimate.mean": {
            "value": 762.2371215820312,
            "min": -109.1112289428711,
            "max": 763.497314453125,
            "count": 40
        },
        "PPO_Agent_1_1_AgentBehavior.Environment.CumulativeReward.mean": {
            "value": 1589.7799751281739,
            "min": 182.33029174804688,
            "max": 2150.722941080729,
            "count": 40
        },
        "PPO_Agent_1_1_AgentBehavior.Policy.ExtrinsicReward.mean": {
            "value": 1589.7799751281739,
            "min": 182.33029174804688,
            "max": 2150.722941080729,
            "count": 40
        },
        "PPO_Agent_1_1_AgentBehavior.Losses.ValueLoss.mean": {
            "value": 190748.40625,
            "min": 24441.78125,
            "max": 297711.90625,
            "count": 40
        },
        "PPO_Agent_1_1_AgentBehavior.Losses.PolicyLoss.mean": {
            "value": 0.15965968370437622,
            "min": 0.09617364406585693,
            "max": 0.4607052505016327,
            "count": 40
        },
        "PPO_Agent_1_1_AgentBehavior.Policy.LearningRate.mean": {
            "value": 4.510096005105879e-06,
            "min": 4.510096005105879e-06,
            "max": 0.0003947799850720912,
            "count": 40
        },
        "PPO_Agent_1_1_AgentBehavior.IsTraining.mean": {
            "value": 1.0,
            "min": 1.0,
            "max": 1.0,
            "count": 40
        }
    },
    "metadata": {
        "timer_format_version": "0.1.0",
        "start_time_seconds": "1590574592",
        "python_version": "3.7.7 (tags/v3.7.7:d7c567b08f, Mar 10 2020, 10:41:24) [MSC v.1900 64 bit (AMD64)]",
        "command_line_arguments": "C:\\Users\\DoR\\AppData\\Local\\Programs\\Python\\Python37\\Scripts\\mlagents-learn PPO_Agent_1.yaml --run-id=PPO_Agent_1_1",
        "mlagents_version": "0.16.0",
        "mlagents_envs_version": "0.16.0",
        "communication_protocol_version": "1.0.0",
        "tensorflow_version": "2.2.0",
        "end_time_seconds": "1590574701"
    },
    "total": 109.5025901,
    "count": 1,
    "self": 0.2403742000000051,
    "children": {
        "run_training.setup": {
            "total": 0.04186729999999983,
            "count": 1,
            "self": 0.04186729999999983
        },
        "TrainerController.start_learning": {
            "total": 109.22034860000001,
            "count": 1,
            "self": 7.306730699999619,
            "children": {
                "TrainerController._reset_env": {
                    "total": 10.765520500000001,
                    "count": 1,
                    "self": 10.765520500000001
                },
                "TrainerController.advance": {
                    "total": 90.94113880000037,
                    "count": 14612,
                    "self": 0.19723470000000987,
                    "children": {
                        "env_step": {
                            "total": 90.74390410000036,
                            "count": 14612,
                            "self": 82.43345679999985,
                            "children": {
                                "SubprocessEnvManager._take_step": {
                                    "total": 8.09448679999996,
                                    "count": 14612,
                                    "self": 0.38448919999991027,
                                    "children": {
                                        "NNPolicy.evaluate": {
                                            "total": 7.709997600000049,
                                            "count": 10004,
                                            "self": 7.709997600000049
                                        }
                                    }
                                },
                                "workers": {
                                    "total": 0.21596050000056266,
                                    "count": 14612,
                                    "self": 0.0,
                                    "children": {
                                        "worker_root": {
                                            "total": 97.65084789999977,
                                            "count": 14612,
                                            "is_parallel": true,
                                            "self": 36.748618599999794,
                                            "children": {
                                                "steps_from_proto": {
                                                    "total": 0.0007989999999988839,
                                                    "count": 1,
                                                    "is_parallel": true,
                                                    "self": 0.00012569999999811898,
                                                    "children": {
                                                        "_process_vector_observation": {
                                                            "total": 0.000673300000000765,
                                                            "count": 2,
                                                            "is_parallel": true,
                                                            "self": 0.000673300000000765
                                                        }
                                                    }
                                                },
                                                "UnityEnvironment.step": {
                                                    "total": 60.90143029999998,
                                                    "count": 14612,
                                                    "is_parallel": true,
                                                    "self": 1.4992415000001031,
                                                    "children": {
                                                        "UnityEnvironment._generate_step_input": {
                                                            "total": 1.0932326999997013,
                                                            "count": 14612,
                                                            "is_parallel": true,
                                                            "self": 1.0932326999997013
                                                        },
                                                        "communicator.exchange": {
                                                            "total": 54.993753200000356,
                                                            "count": 14612,
                                                            "is_parallel": true,
                                                            "self": 54.993753200000356
                                                        },
                                                        "steps_from_proto": {
                                                            "total": 3.315202899999818,
                                                            "count": 14612,
                                                            "is_parallel": true,
                                                            "self": 1.4770441000002688,