{
    "name": "root",
    "gauges": {
        "PPO_Agent_1_1_1_AgentBehavior.Policy.Entropy.mean": {
            "value": 1.5031245946884155,
            "min": 1.4193755388259888,
            "max": 1.5031867027282715,
            "count": 40
        },
        "PPO_Agent_1_1_1_AgentBehavior.Environment.EpisodeLength.mean": {
            "value": 0.3333333333333333,
            "min": 0.0,
            "max": 0.48520710059171596,
            "count": 40
        },
        "PPO_Agent_1_1_1_AgentBehavior.Policy.ExtrinsicValueEstimate.mean": {
            "value": 142.3513641357422,
            "min": -140.98104858398438,
            "max": 142.3513641357422,
            "count": 40
        },
        "PPO_Agent_1_1_1_AgentBehavior.Environment.CumulativeReward.mean": {
            "value": 187.7095743815104,
            "min": -148.63991796875,
            "max": 189.67470847122152,
            "count": 40
        },
        "PPO_Agent_1_1_1_AgentBehavior.Policy.ExtrinsicReward.mean": {
            "value": 187.7095743815104,
            "min": -148.63991796875,
            "max": 189.67470847122152,
            "count": 40
        },
        "PPO_Agent_1_1_1_AgentBehavior.Losses.ValueLoss.mean": {
            "value": 224.2085418701172,
            "min": 108.15948486328125,
            "max": 266938.75,
            "count": 40
        },
        "PPO_Agent_1_1_1_AgentBehavior.Losses.PolicyLoss.mean": {
            "value": 0.12459512799978256,
            "min": 0.11313549429178238,
            "max": 0.4357987642288208,
            "count": 40
        },
        "PPO_Agent_1_1_1_AgentBehavior.Policy.LearningRate.mean": {
            "value": 5.1901015467592515e-06,
            "min": 5.1901015467592515e-06,
            "max": 0.000394839997170493,
            "count": 40
        },
        "PPO_Agent_1_1_1_AgentBehavior.IsTraining.mean": {
            "value": 1.0,
            "min": 1.0,
            "max": 1.0,
            "count": 40
        }
    },
    "metadata": {
        "timer_format_version": "0.1.0",
        "start_time_seconds": "1590578820",
        "python_version": "3.7.7 (tags/v3.7.7:d7c567b08f, Mar 10 2020, 10:41:24) [MSC v.1900 64 bit (AMD64)]",
        "command_line_arguments": "C:\\Users\\DoR\\AppData\\Local\\Programs\\Python\\Python37\\Scripts\\mlagents-learn PPO_Agent_1.yaml --run-id=PPO_Agent_1_1_1",
        "mlagents_version": "0.16.0",
        "mlagents_envs_version": "0.16.0",
        "communication_protocol_version": "1.0.0",
        "tensorflow_version": "2.2.0",
        "end_time_seconds": "1590578955"
    },
    "total": 134.93810440000001,
    "count": 1,
    "self": 0.21717140000004065,
    "children": {
        "run_training.setup": {
            "total": 0.01668650000000005,
            "count": 1,
            "self": 0.01668650000000005
        },
        "TrainerController.start_learning": {
            "total": 134.70424649999998,
            "count": 1,
            "self": 9.635881899999504,
            "children": {
                "TrainerController._reset_env": {
                    "total": 8.6983635,
                    "count": 1,
                    "self": 8.6983635
                },
                "TrainerController.advance": {
                    "total": 116.16460660000047,
                    "count": 20000,
                    "self": 0.26774060000056465,
                    "children": {
                        "env_step": {
                            "total": 115.8968659999999,
                            "count": 20000,
                            "self": 108.47293150000044,
                            "children": {
                                "SubprocessEnvManager._take_step": {
                                    "total": 7.1305958999990136,
                                    "count": 20000,
                                    "self": 0.43529509999967075,
                                    "children": {
                                        "NNPolicy.evaluate": {
                                            "total": 6.695300799999343,
                                            "count": 10001,
                                            "self": 6.695300799999343
                                        }
                                    }
                                },
                                "workers": {
                                    "total": 0.29333860000044965,
                                    "count": 20000,
                                    "self": 0.0,
                                    "children": {
                                        "worker_root": {
                                            "total": 125.08720749999989,
                                            "count": 20000,
                                            "is_parallel": true,
                                            "self": 47.96117699999955,
                                            "children": {
                                                "steps_from_proto": {
                                                    "total": 0.000310400000000044,
                                                    "count": 1,
                                                    "is_parallel": true,
                                                    "self": 0.00010239999999939187,
                                                    "children": {
                                                        "_process_vector_observation": {
                                                            "total": 0.0002080000000006521,
                                                            "count": 2,
                                                            "is_parallel": true,
                                                            "self": 0.0002080000000006521
                                                        }
                                                    }
                                                },
                                                "UnityEnvironment.step": {
                                                    "total": 77.12572010000034,
                                                    "count": 20000,
                                                    "is_parallel": true,
                                                    "self": 2.025904599999194,
                                                    "children": {
                                                        "UnityEnvironment._generate_step_input": {
                                                            "total": 1.2005490000006134,
                                                            "count": 20000,
                                                            "is_parallel": true,
                                                            "self": 1.2005490000006134
                                                        },
                                                        "communicator.exchange": {
                                                            "total": 69.46731809999964,
                                                            "count": 20000,
                                                            "is_parallel": true,
                                                            "self": 69.46731809999964
                                                        },
                                                        "steps_from_proto": {
                                                            "total": 4.431948400000888,
                                                            "count": 20000,
                                                            "is_parallel": true,
                                                            "self": 1.985315500001338,