{
    "name": "root",
    "gauges": {
        "PPO_Agent_1_8_AgentBehavior.Policy.Entropy.mean": {
            "value": 1.5124856233596802,
            "min": 1.419397234916687,
            "max": 1.5124856233596802,
            "count": 40
        },
        "PPO_Agent_1_8_AgentBehavior.Environment.EpisodeLength.mean": {
            "value": 0.0,
            "min": 0.0,
            "max": 1.6200716845878136,
            "count": 40
        },
        "PPO_Agent_1_8_AgentBehavior.Policy.ExtrinsicValueEstimate.mean": {
            "value": 21.94780158996582,
            "min": -119.5328140258789,
            "max": 164.53367614746094,
            "count": 40
        },
        "PPO_Agent_1_8_AgentBehavior.Environment.CumulativeReward.mean": {
            "value": -115.69473266601562,
            "min": -170.03423070543596,
            "max": 225.3947782654693,
            "count": 40
        },
        "PPO_Agent_1_8_AgentBehavior.Policy.ExtrinsicReward.mean": {
            "value": -115.69473266601562,
            "min": -170.03423070543596,
            "max": 225.3947782654693,
            "count": 40
        },
        "PPO_Agent_1_8_AgentBehavior.Losses.ValueLoss.mean": {
            "value": 37948.8125,
            "min": 476.88800048828125,
            "max": 160774.15625,
            "count": 40
        },
        "PPO_Agent_1_8_AgentBehavior.Losses.PolicyLoss.mean": {
            "value": 0.1321617066860199,
            "min": 0.11497607827186584,
            "max": 0.49730417132377625,
            "count": 40
        },
        "PPO_Agent_1_8_AgentBehavior.Policy.LearningRate.mean": {
            "value": 5.140093435329618e-06,
            "min": 5.140093435329618e-06,
            "max": 0.0003948599623981863,
            "count": 40
        },
        "PPO_Agent_1_8_AgentBehavior.IsTraining.mean": {
            "value": 1.0,
            "min": 1.0,
            "max": 1.0,
            "count": 40
        }
    },
    "metadata": {
        "timer_format_version": "0.1.0",
        "start_time_seconds": "1590575558",
        "python_version": "3.7.7 (tags/v3.7.7:d7c567b08f, Mar 10 2020, 10:41:24) [MSC v.1900 64 bit (AMD64)]",
        "command_line_arguments": "C:\\Users\\DoR\\AppData\\Local\\Programs\\Python\\Python37\\Scripts\\mlagents-learn PPO_Agent_1.yaml --run-id=PPO_Agent_1_8",
        "mlagents_version": "0.16.0",
        "mlagents_envs_version": "0.16.0",
        "communication_protocol_version": "1.0.0",
        "tensorflow_version": "2.2.0",
        "end_time_seconds": "1590575682"
    },
    "total": 124.2464712,
    "count": 1,
    "self": 0.23509539999999163,
    "children": {
        "run_training.setup": {
            "total": 0.016863300000000248,
            "count": 1,
            "self": 0.016863300000000248
        },
        "TrainerController.start_learning": {
            "total": 123.99451250000001,
            "count": 1,
            "self": 9.70228719999912,
            "children": {
                "TrainerController._reset_env": {
                    "total": 6.9796413,
                    "count": 1,
                    "self": 6.9796413
                },
                "TrainerController.advance": {
                    "total": 107.1206222000009,
                    "count": 20002,
                    "self": 0.25867470000103765,
                    "children": {
                        "env_step": {
                            "total": 106.86194749999986,
                            "count": 20002,
                            "self": 99.24822919999924,
                            "children": {
                                "SubprocessEnvManager._take_step": {
                                    "total": 7.325048999999934,
                                    "count": 20002,
                                    "self": 0.4211647999999055,
                                    "children": {
                                        "NNPolicy.evaluate": {
                                            "total": 6.903884200000029,
                                            "count": 10001,
                                            "self": 6.903884200000029
                                        }
                                    }
                                },
                                "workers": {
                                    "total": 0.28866930000067725,
                                    "count": 20002,
                                    "self": 0.0,
                                    "children": {
                                        "worker_root": {
                                            "total": 116.09690629999903,
                                            "count": 20002,
                                            "is_parallel": true,
                                            "self": 47.83060129999957,
                                            "children": {
                                                "steps_from_proto": {
                                                    "total": 0.000542699999999563,
                                                    "count": 1,
                                                    "is_parallel": true,
                                                    "self": 0.00011949999999849581,
                                                    "children": {
                                                        "_process_vector_observation": {
                                                            "total": 0.00042320000000106717,
                                                            "count": 2,
                                                            "is_parallel": true,
                                                            "self": 0.00042320000000106717
                                                        }
                                                    }
                                                },
                                                "UnityEnvironment.step": {
                                                    "total": 68.26576229999947,
                                                    "count": 20002,
                                                    "is_parallel": true,
                                                    "self": 2.035938300000268,
                                                    "children": {
                                                        "UnityEnvironment._generate_step_input": {
                                                            "total": 1.197065200000079,
                                                            "count": 20002,
                                                            "is_parallel": true,
                                                            "self": 1.197065200000079
                                                        },
                                                        "communicator.exchange": {
                                                            "total": 60.63289109999985,
                                                            "count": 20002,
                                                            "is_parallel": true,
                                                            "self": 60.63289109999985
                                                        },
                                                        "steps_from_proto": {
                                                            "total": 4.399867699999266,
                                                            "count": 20002,
                                                            "is_parallel": true,
                                                            "self": 1.9691926999996046,