{
    "name": "root",
    "gauges": {
        "PPO_Agent_1_10_AgentBehavior.Policy.Entropy.mean": {
            "value": 1.4633585214614868,
            "min": 1.4191454648971558,
            "max": 1.463644027709961,
            "count": 40
        },
        "PPO_Agent_1_10_AgentBehavior.Environment.EpisodeLength.mean": {
            "value": 1.7877094972067038,
            "min": 0.11659192825112108,
            "max": 2.0987654320987654,
            "count": 40
        },
        "PPO_Agent_1_10_AgentBehavior.Policy.ExtrinsicValueEstimate.mean": {
            "value": 524.3602294921875,
            "min": -0.6123324632644653,
            "max": 524.4677124023438,
            "count": 40
        },
        "PPO_Agent_1_10_AgentBehavior.Environment.CumulativeReward.mean": {
            "value": 958.1922341458625,
            "min": 34.88166094159747,
            "max": 1055.3491751588422,
            "count": 40
        },
        "PPO_Agent_1_10_AgentBehavior.Policy.ExtrinsicReward.mean": {
            "value": 958.1922341458625,
            "min": 34.88166094159747,
            "max": 1055.3491751588422,
            "count": 40
        },
        "PPO_Agent_1_10_AgentBehavior.Losses.ValueLoss.mean": {
            "value": 234071.015625,
            "min": 18137.03125,
            "max": 445360.8125,
            "count": 40
        },
        "PPO_Agent_1_10_AgentBehavior.Losses.PolicyLoss.mean": {
            "value": 0.12901675701141357,
            "min": 0.11951874196529388,
            "max": 0.3852337598800659,
            "count": 40
        },
        "PPO_Agent_1_10_AgentBehavior.Policy.LearningRate.mean": {
            "value": 4.220107712171739e-06,
            "min": 4.220107712171739e-06,
            "max": 0.000394839997170493,
            "count": 40
        },
        "PPO_Agent_1_10_AgentBehavior.IsTraining.mean": {
            "value": 1.0,
            "min": 1.0,
            "max": 1.0,
            "count": 40
        }
    },
    "metadata": {
        "timer_format_version": "0.1.0",
        "start_time_seconds": "1590575838",
        "python_version": "3.7.7 (tags/v3.7.7:d7c567b08f, Mar 10 2020, 10:41:24) [MSC v.1900 64 bit (AMD64)]",
        "command_line_arguments": "C:\\Users\\DoR\\AppData\\Local\\Programs\\Python\\Python37\\Scripts\\mlagents-learn PPO_Agent_1.yaml --run-id=PPO_Agent_1_10",
        "mlagents_version": "0.16.0",
        "mlagents_envs_version": "0.16.0",
        "communication_protocol_version": "1.0.0",
        "tensorflow_version": "2.2.0",
        "end_time_seconds": "1590575957"
    },
    "total": 119.4931509,
    "count": 1,
    "self": 0.23891850000001114,
    "children": {
        "run_training.setup": {
            "total": 0.021763599999999883,
            "count": 1,
            "self": 0.021763599999999883
        },
        "TrainerController.start_learning": {
            "total": 119.23246879999999,
            "count": 1,
            "self": 8.810275299999901,
            "children": {
                "TrainerController._reset_env": {
                    "total": 9.7979406,
                    "count": 1,
                    "self": 9.7979406
                },
                "TrainerController.advance": {
                    "total": 100.4096938000001,
                    "count": 17769,
                    "self": 0.23416529999954605,
                    "children": {
                        "env_step": {
                            "total": 100.17552850000055,
                            "count": 17769,
                            "self": 92.1733969000022,
                            "children": {
                                "SubprocessEnvManager._take_step": {
                                    "total": 7.741604699999545,
                                    "count": 17769,
                                    "self": 0.4040510000001234,
                                    "children": {
                                        "NNPolicy.evaluate": {
                                            "total": 7.337553699999422,
                                            "count": 10002,
                                            "self": 7.337553699999422
                                        }
                                    }
                                },
                                "workers": {
                                    "total": 0.26052689999880485,
                                    "count": 17769,
                                    "self": 0.0,
                                    "children": {
                                        "worker_root": {
                                            "total": 108.55625680000031,
                                            "count": 17769,
                                            "is_parallel": true,
                                            "self": 43.147441199999975,
                                            "children": {
                                                "steps_from_proto": {
                                                    "total": 0.00039499999999925706,
                                                    "count": 1,
                                                    "is_parallel": true,
                                                    "self": 0.00012129999999999086,
                                                    "children": {
                                                        "_process_vector_observation": {
                                                            "total": 0.0002736999999992662,
                                                            "count": 2,
                                                            "is_parallel": true,
                                                            "self": 0.0002736999999992662
                                                        }
                                                    }
                                                },
                                                "UnityEnvironment.step": {
                                                    "total": 65.40842060000034,
                                                    "count": 17769,
                                                    "is_parallel": true,
                                                    "self": 1.7651776000028718,
                                                    "children": {
                                                        "UnityEnvironment._generate_step_input": {
                                                            "total": 1.1314894999991516,
                                                            "count": 17769,
                                                            "is_parallel": true,
                                                            "self": 1.1314894999991516
                                                        },
                                                        "communicator.exchange": {
                                                            "total": 58.58702079999898,
                                                            "count": 17769,
                                                            "is_parallel": true,
                                                            "self": 58.58702079999898
                                                        },
                                                        "steps_from_proto": {
                                                            "total": 3.924732699999341,
                                                            "count": 17769,
                                                            "is_parallel": true,
                                                            "self": 1.7340781999989616,