{
    "name": "root",
    "gauges": {
        "PPO_Agent_3_1_AgentBehavior.Policy.Entropy.mean": {
            "value": 1.6291906833648682,
            "min": 1.420424222946167,
            "max": 1.6297053098678589,
            "count": 160
        },
        "PPO_Agent_3_1_AgentBehavior.Environment.EpisodeLength.mean": {
            "value": 0.0,
            "min": 0.0,
            "max": 9.885714285714286,
            "count": 160
        },
        "PPO_Agent_3_1_AgentBehavior.Policy.ExtrinsicValueEstimate.mean": {
            "value": -25.4079647064209,
            "min": -185.36500549316406,
            "max": 488.7123718261719,
            "count": 160
        },
        "PPO_Agent_3_1_AgentBehavior.Environment.CumulativeReward.mean": {
            "value": -25.407958984375,
            "min": -205.98150634765625,
            "max": 1685.181669404235,
            "count": 160
        },
        "PPO_Agent_3_1_AgentBehavior.Policy.ExtrinsicReward.mean": {
            "value": -25.407958984375,
            "min": -205.98150634765625,
            "max": 1685.181669404235,
            "count": 160
        },
        "PPO_Agent_3_1_AgentBehavior.Losses.ValueLoss.mean": {
            "value": 9.109157872444484e-12,
            "min": 9.08073616301408e-12,
            "max": 804263.25,
            "count": 160
        },
        "PPO_Agent_3_1_AgentBehavior.Losses.PolicyLoss.mean": {
            "value": 0.12513738870620728,
            "min": 0.1115352213382721,
            "max": 0.5362861156463623,
            "count": 160
        },
        "PPO_Agent_3_1_AgentBehavior.Policy.LearningRate.mean": {
            "value": 1.6550941381865414e-06,
            "min": 1.6550941381865414e-06,
            "max": 0.0003987099917139858,
            "count": 160
        },
        "PPO_Agent_3_1_AgentBehavior.IsTraining.mean": {
            "value": 1.0,
            "min": 1.0,
            "max": 1.0,
            "count": 160
        }
    },
    "metadata": {
        "timer_format_version": "0.1.0",
        "start_time_seconds": "1590586938",
        "python_version": "3.7.7 (tags/v3.7.7:d7c567b08f, Mar 10 2020, 10:41:24) [MSC v.1900 64 bit (AMD64)]",
        "command_line_arguments": "C:\\Users\\DoR\\AppData\\Local\\Programs\\Python\\Python37\\Scripts\\mlagents-learn PPO_Agent_3.yaml --run-id=PPO_Agent_3_1",
        "mlagents_version": "0.16.0",
        "mlagents_envs_version": "0.16.0",
        "communication_protocol_version": "1.0.0",
        "tensorflow_version": "2.2.0",
        "end_time_seconds": "1590587400"
    },
    "total": 462.1047862,
    "count": 1,
    "self": 0.2164988999999764,
    "children": {
        "run_training.setup": {
            "total": 0.015572999999999837,
            "count": 1,
            "self": 0.015572999999999837
        },
        "TrainerController.start_learning": {
            "total": 461.8727143,
            "count": 1,
            "self": 34.99243910000456,
            "children": {
                "TrainerController._reset_env": {
                    "total": 6.138038699999999,
                    "count": 1,
                    "self": 6.138038699999999
                },
                "TrainerController.advance": {
                    "total": 420.4263556999955,
                    "count": 79752,
                    "self": 1.046883399986541,
                    "children": {
                        "env_step": {
                            "total": 419.37947230000896,
                            "count": 79752,
                            "self": 390.1265765000144,
                            "children": {
                                "SubprocessEnvManager._take_step": {
                                    "total": 28.089012599997666,
                                    "count": 79752,
                                    "self": 1.7526900999994446,
                                    "children": {
                                        "NNPolicy.evaluate": {
                                            "total": 26.33632249999822,
                                            "count": 40001,
                                            "self": 26.33632249999822
                                        }
                                    }
                                },
                                "workers": {
                                    "total": 1.1638831999969135,
                                    "count": 79752,
                                    "self": 0.0,
                                    "children": {
                                        "worker_root": {
                                            "total": 453.1164826999958,
                                            "count": 79752,
                                            "is_parallel": true,
                                            "self": 187.37171139999805,
                                            "children": {
                                                "steps_from_proto": {
                                                    "total": 0.0003719999999995949,
                                                    "count": 1,
                                                    "is_parallel": true,
                                                    "self": 0.00012420000000012976,
                                                    "children": {
                                                        "_process_vector_observation": {
                                                            "total": 0.0002477999999994651,
                                                            "count": 2,
                                                            "is_parallel": true,
                                                            "self": 0.0002477999999994651
                                                        }
                                                    }
                                                },
                                                "UnityEnvironment.step": {
                                                    "total": 265.7443992999977,
                                                    "count": 79752,
                                                    "is_parallel": true,
                                                    "self": 8.212850299985178,
                                                    "children": {
                                                        "UnityEnvironment._generate_step_input": {
                                                            "total": 4.805132800005622,
                                                            "count": 79752,
                                                            "is_parallel": true,
                                                            "self": 4.805132800005622
                                                        },
                                                        "communicator.exchange": {
                                                            "total": 234.9842535000065,
                                                            "count": 79752,
                                                            "is_parallel": true,
                                                            "self": 234.9842535000065
                                                        },
                                                        "steps_from_proto": {
                                                            "total": 17.74216270000042,
                                                            "count": 79752,
                                                            "is_parallel": true,
                                                            "self": 8.08224459999526,