{
    "name": "root",
    "gauges": {
        "SAC_Agent_1_4_AgentBehavior.Policy.Entropy.mean": {
            "value": 1.890154242515564,
            "min": 1.7996143102645874,
            "max": 1.8997063636779785,
            "count": 40
        },
        "SAC_Agent_1_4_AgentBehavior.Environment.EpisodeLength.mean": {
            "value": 1.0,
            "min": 0.7667844522968198,
            "max": 1.0406504065040652,
            "count": 40
        },
        "SAC_Agent_1_4_AgentBehavior.Policy.ExtrinsicValueEstimate.mean": {
            "value": -4.694337844848633,
            "min": -9.945243835449219,
            "max": -0.8051261901855469,
            "count": 40
        },
        "SAC_Agent_1_4_AgentBehavior.Environment.CumulativeReward.mean": {
            "value": 416.80018786621093,
            "min": 332.27204965112907,
            "max": 427.55773827337447,
            "count": 40
        },
        "SAC_Agent_1_4_AgentBehavior.Policy.ExtrinsicReward.mean": {
            "value": 416.80018786621093,
            "min": 332.27204965112907,
            "max": 427.55773827337447,
            "count": 40
        },
        "SAC_Agent_1_4_AgentBehavior.IsTraining.mean": {
            "value": 1.0,
            "min": 1.0,
            "max": 1.0,
            "count": 40
        }
    },
    "metadata": {
        "timer_format_version": "0.1.0",
        "start_time_seconds": "1590586717",
        "python_version": "3.7.7 (tags/v3.7.7:d7c567b08f, Mar 10 2020, 10:41:24) [MSC v.1900 64 bit (AMD64)]",
        "command_line_arguments": "C:\\Users\\DoR\\AppData\\Local\\Programs\\Python\\Python37\\Scripts\\mlagents-learn SAC_Agent_1.yaml --run-id=SAC_Agent_1_4",
        "mlagents_version": "0.16.0",
        "mlagents_envs_version": "0.16.0",
        "communication_protocol_version": "1.0.0",
        "tensorflow_version": "2.2.0",
        "end_time_seconds": "1590586815"
    },
    "total": 98.2297474,
    "count": 1,
    "self": 0.2133263999999997,
    "children": {
        "run_training.setup": {
            "total": 0.01692260000000001,
            "count": 1,
            "self": 0.01692260000000001
        },
        "TrainerController.start_learning": {
            "total": 97.9994984,
            "count": 1,
            "self": 7.2720901999998375,
            "children": {
                "TrainerController._reset_env": {
                    "total": 6.263298200000001,
                    "count": 1,
                    "self": 6.263298200000001
                },
                "TrainerController.advance": {
                    "total": 84.27453280000016,
                    "count": 17686,
                    "self": 0.2201593000004749,
                    "children": {
                        "env_step": {
                            "total": 84.05437349999968,
                            "count": 17686,
                            "self": 77.49062540000054,
                            "children": {
                                "SubprocessEnvManager._take_step": {
                                    "total": 6.3090570999995155,
                                    "count": 17686,
                                    "self": 0.3734465999993386,
                                    "children": {
                                        "NNPolicy.evaluate": {
                                            "total": 5.935610500000177,
                                            "count": 10002,
                                            "self": 5.935610500000177
                                        }
                                    }
                                },
                                "workers": {
                                    "total": 0.2546909999996352,
                                    "count": 17686,
                                    "self": 0.0,
                                    "children": {
                                        "worker_root": {
                                            "total": 90.86457789999932,
                                            "count": 17686,
                                            "is_parallel": true,
                                            "self": 35.089917499999665,
                                            "children": {
                                                "steps_from_proto": {
                                                    "total": 0.0004648999999998793,
                                                    "count": 1,
                                                    "is_parallel": true,
                                                    "self": 0.0001492000000000715,
                                                    "children": {
                                                        "_process_vector_observation": {
                                                            "total": 0.0003156999999998078,
                                                            "count": 2,
                                                            "is_parallel": true,
                                                            "self": 0.0003156999999998078
                                                        }
                                                    }
                                                },
                                                "UnityEnvironment.step": {
                                                    "total": 55.77419549999966,
                                                    "count": 17686,
                                                    "is_parallel": true,
                                                    "self": 1.6914216999993315,
                                                    "children": {
                                                        "UnityEnvironment._generate_step_input": {
                                                            "total": 0.9742556999999596,
                                                            "count": 17686,
                                                            "is_parallel": true,
                                                            "self": 0.9742556999999596
                                                        },
                                                        "communicator.exchange": {
                                                            "total": 49.38075669999965,
                                                            "count": 17686,
                                                            "is_parallel": true,
                                                            "self": 49.38075669999965
                                                        },
                                                        "steps_from_proto": {
                                                            "total": 3.727761400000718,
                                                            "count": 17686,
                                                            "is_parallel": true,
                                                            "self": 1.7244997000019326,
                                                            "children": {
                                                                "_process_vector_observation": {
                                                                    "total": 2.0032616999987853,
                                                                    "count": 35372,
                                                                    "is_parallel": true,